"market","name","status","operator","address","google_maps_url","website","description","services_overview","services_specs","power_mw","whitespace_sqm","building_size_sqm","ups_redundancy","cooling_redundancy","standby_power_redundancy","tier_design","iso27001","iso22301","soc2","mantrap_entry","cctv","biometric_access","card_access","fire_suppression","onsite_security_staff","onsite_technical_staff","construction_type","meet_me_room","office_space","ixp_count","network_providers","url"
"Copenhagen","Industriparken 24 (CPH3)","Operational","Digital Realty","Industriparken 24, 2750 Ballerup, Denmark","https://www.google.com/maps/place/Digital+Realty+Copenhagen+CPH3/@55.7282416,12.3765221,16.33z/data=!4m15!1m8!3m7!1s0x46525076fa87490d:0x324a2f11b599eece!2sIndustriparken+24,+2750+Ballerup!3b1!8m2!3d55.7276565!4d12.3802108!16s%2Fg%2F11csgh26d2!3m5!1s0x465251aff4e943f1:0xe3786fa1a799fab6!8m2!3d55.7263734!4d12.3795371!16s%2Fg%2F11vd3gqyfr?entry=ttu&g_ep=EgoyMDI2MDQyMi4wIKXMDSoASAFQAw%3D%3D","https://www.digitalrealty.com/data-centers/emea/copenhagen/cph3","Located in a key hub at the heart of digital Denmark, this immense facility brings ample capacity, energy-efficient design, and 100% renewable energy together to future-proof your digital ambitions.","Suites; Cages; Private Cabinets; Remote Hands","","4.8 MW","1,403 sq.m.","6,968 sq.m.","2N","N+1","N+1","No","No","No","No","Yes","Yes","Yes","Yes","Yes","Yes, 24/7","Yes, 24/7","Purpose-built","Yes","Yes","2","1","https://www.datacentermap.com/denmark/copenhagen/digital-realty-cph3/"
"Copenhagen","Industriparken 20A (CPH2)","Operational","Digital Realty","Industriparken 20-32, 2750 Copenhagen, Denmark","https://www.google.com/maps/place/Digital+Realty+Copenhagen+CPH1+CPH2/@55.7278858,12.3752695,16.56z/data=!4m15!1m8!3m7!1s0x4652507620395555:0x282a668247b2aa32!2sIndustriparken+20,+2750+Ballerup!3b1!8m2!3d55.7288513!4d12.3758662!16s%2Fg%2F11s16dyvxf!3m5!1s0x465250762366390b:0x7fb39f0743179bf9!8m2!3d55.7271361!4d12.3774522!16s%2Fg%2F1tfvrkm5?entry=ttu&g_ep=EgoyMDI2MDQyMi4wIKXMDSoASAFQAw%3D%3D","https://www.digitalrealty.com/data-centers/emea/copenhagen","Previously known as Interxion CPH2. Interxion was acquired by Digital Realty in 2022 and rebranded its data centers to the Digital Realty brand in 2022.","Suites; Cages; Footprints; Private Cabinets; Partial Cabinets; Remote Hands","","4 MW","4,571 sq.m.","7,200 sq.m.","2N","N+1","N+1","","","","","Yes","Yes","Yes","Yes","Yes","Yes, 24/7","Yes, 24/7","","Yes","Yes","2","2","https://www.datacentermap.com/denmark/copenhagen/interxion-cph-2/"
"Copenhagen","Industriparken 20C (CPH1)","Operational","Digital Realty","Industriparken 20C, 2750 Copenhagen, Denmark","https://www.google.com/maps/place/Digital+Realty+Copenhagen+CPH1+CPH2/@55.7278858,12.3752695,16.56z/data=!4m15!1m8!3m7!1s0x4652507620395555:0x282a668247b2aa32!2sIndustriparken+20,+2750+Ballerup!3b1!8m2!3d55.7288513!4d12.3758662!16s%2Fg%2F11s16dyvxf!3m5!1s0x465250762366390b:0x7fb39f0743179bf9!8m2!3d55.7271361!4d12.3774522!16s%2Fg%2F1tfvrkm5?entry=ttu&g_ep=EgoyMDI2MDQyMi4wIKXMDSoASAFQAw%3D%3D","https://www.digitalrealty.com/data-centers/emea/copenhagen/cph1","Previously known as Interxion CPH1. Interxion was acquired by Digital Realty in 2022 and rebranded its data centers to the Digital Realty brand in 2022.

The data centre offers communities of interest for companies across the cloud, digital media and finance sectors. It is a great place to make new alliances for revenue opportunities and lower costs.
Interxion CPH1 is conveniently located West of Copenhagen city centre, and 25 minutes from Copenhagen airport.


Interxion offer:
- A growing commu","Suites; Cages; Footprints; Private Cabinets; Partial Cabinets; Remote Hands","","3.7 MW","3,484 sq.m.","8,000 sq.m.","2N","N+1","N+1","","","","","Yes","Yes","Yes","Yes","Yes","Yes, 24/7","Yes, 24/7","","Yes","Yes","3","16","https://www.datacentermap.com/denmark/copenhagen/interxion-copenhagen/"
"Copenhagen","Carl Jacobsens Vej 20 (CPH-RS)","Operational","Digital Realty","Carl Jacobsens Vej 20, 2500 København, Denmark","https://www.google.com/maps/place/Carl+Jacobsens+Vej+20,+2500+København/@55.6541159,12.5144909,17z/data=!3m1!4b1!4m6!3m5!1s0x46525389f933868d:0xe20e0f21823e480e!8m2!3d55.6541129!4d12.5170658!16s%2Fg%2F11c1bmpd6d?entry=ttu&g_ep=EgoyMDI2MDQyMi4wIKXMDSoASAFQAw%3D%3D","https://www.digitalrealty.com/data-centers/emea/copenhagen/cphrs","Digital Realty's Copenhagen data centers, including CPHRS, offer a robust colocation platform for enterprises seeking a gateway to Northern European markets. Located strategically in Copenhagen, this purpose-built facility is carrier-neutral and provides access to a rich ecosystem of network and cloud providers.

CPHRS prioritizes security and compliance, meeting stringent industry standards for data protection and operational resilience. The data center is built for efficiency, featuring energy","Suites; Cages; Private Cabinets; Partial Cabinets; Remote Hands; Public Cloud Servers","","0.3 MW","390 sq.m.","1,200 sq.m.","2N","N+1","","","","","","Yes","Yes","Yes","Yes","Yes","Yes, 24/7","Yes, 24/7","","","Yes","","","https://www.datacentermap.com/denmark/copenhagen/digital-realty-copenhagen-cph-rs/"
"Copenhagen","COP01 Vaultica Data Centers","Operational","Vaultica Data Centers","Holmsbladsgade 142, 2300 Copenhagen, Denmark","https://www.google.com/maps/place/COP01+Vaultica+Data+Centers/@55.6681857,12.6213894,19.16z/data=!4m15!1m8!3m7!1s0x4653acca4a82b70d:0xdea3c5f656a5b4c4!2sHolmbladsgade+142,+2300+København!3b1!8m2!3d55.6681569!4d12.6220005!16s%2Fg%2F11c0zsr9ws!3m5!1s0x4653ad98adaccf41:0x37bcda23445f2b6d!8m2!3d55.6680792!4d12.621642!16s%2Fg%2F11h0w26l6s?entry=ttu&g_ep=EgoyMDI2MDQyMi4wIKXMDSoASAFQAw%3D%3D","https://www.vaultica.com/denmark/","The facility offers modern, scalable data halls across three floors, providing tailored IT housing solutions in a prestigious building with a glass atrium. Powered by certified renewable hydro and wind energy, COP01A combines sustainability with operational reliability. The site’s robust security and carrier-neutral infrastructure make it an ideal choice for businesses seeking high-performance data center services in Denmark’s thriving capital.","Suites; Private Cabinets; Partial Cabinets; Remote Hands","","1.2 MW","4600 sq.m.","","N+1","N+1","N+1","","","","","","Yes","","","Yes","","","","","Yes","","","https://www.datacentermap.com/denmark/copenhagen/digiplex-copenhagen/"
"Copenhagen","Cibicom Ballerup","Operational","Cibicom","Industriparken 35-37, 2750 Ballerup, Denmark","https://www.google.com/maps/place/Cibicom+A%2FS/@55.7282135,12.3810991,17z/data=!4m15!1m8!3m7!1s0x46525076b42a4641:0x5eb336df1ded84cc!2sIndustriparken+35,+2750+Ballerup!3b1!8m2!3d55.7282105!4d12.383674!16s%2Fg%2F11b8v73r7h!3m5!1s0x465259083c66a713:0x2865629483932be5!8m2!3d55.727972!4d12.3827931!16s%2Fg%2F11xc_76dz?entry=ttu&g_ep=EgoyMDI2MDQyMi4wIKXMDSoASAFQAw%3D%3D","https://cibicom.dk","Cibicom offers several Data center facilities across Denmark. Each Datacenter provides unique solution for our customer servers based on uninterruptible power supply and cooling system in an environment with highly secure perimeter. We offer everything from high-density racks, cages and private suites tailored to meet our customer's specific demands. Our Datacenter offers:

- Secure facility
- Redundant power supply to all racks build as N+N
- Redundant cooling solution build as N+1
- Up to 12 k","Suites; Cages; Footprints; Private Cabinets; Partial Cabinets; Individual Servers; Remote Hands; Public Cloud Servers","","5 MW","2,000 sq.m.","3,500 sq.m.","2N","N+1","2N","Tier 3","","","","Yes","Yes","Yes","Yes","Yes","Yes, 24/7","Yes, 24/7","Purpose-built","Yes","Yes","","","https://www.datacentermap.com/denmark/copenhagen/cibicom-ballerup/"
"Copenhagen","Adeo Datacenter","Operational","adeoDC ApS","Herstedvang 8, 2620 Albertslund, Denmark","https://www.google.com/maps/place/Adeo+Datacenter/@55.6677694,12.3637515,16.44z/data=!3m1!5s0x4652574d1f8d6b77:0x6f3c7f3eb89cbe3!4m15!1m8!3m7!1s0x4652574d201e7d87:0x2c43543c889ee245!2sHerstedvang+8,+2620+Albertslund!3b1!8m2!3d55.6677331!4d12.3678256!16s%2Fg%2F11b8vf0s96!3m5!1s0x4652574d20100001:0x2ddac8428d2dbfbd!8m2!3d55.6677017!4d12.3677664!16s%2Fg%2F11fmw_vhx8?entry=ttu&g_ep=EgoyMDI2MDQyMi4wIKXMDSoASAFQAw%3D%3D","https://adeodc.dk","We provide tailor-made hosting solutions ranging from virtual servers to physical racks. We deliver solutions to all types of business, large and small, and you can use your own equipment or rent hardware from us.
Our mantra is: High security, great flexibility and transparency. We want it to be easy to scale up and down without long bindings, and easy to understand what you pay for. And you can be assured that your data and systems are stored and operated safely.

ISAE 3402-II Compliant data ce","Suites; Cages; Footprints; Private Cabinets; Partial Cabinets; Individual Servers; Remote Hands; Bare Metal Servers; Public Cloud Servers","","1 MW","1,045 sq.m.","1,200 sq.m.","","","","Tier 3","","","","Yes","Yes","","Yes","","","Yes, 24/7","","Yes","","","1","https://www.datacentermap.com/denmark/copenhagen/adeodc/"
"Copenhagen","Penta CPH01","Operational","Penta Infra","Smedeland 32, 2600 Glostrup, Denmark","https://www.google.com/maps/place/Penta+Infra+CPH01+Datacenter/@55.681912,12.3922828,17z/data=!4m15!1m8!3m7!1s0x465250c6a26bed5d:0xa33047842a469d28!2sSmedeland+32,+2600+Albertslund!3b1!8m2!3d55.681909!4d12.3948577!16s%2Fg%2F11c3q4gkyl!3m5!1s0x4652519a265aaae3:0x5afc6e8e7f3b77bc!8m2!3d55.6820903!4d12.3954265!16s%2Fg%2F11qg9w91gh?entry=ttu&g_ep=EgoyMDI2MDQyMi4wIKXMDSoASAFQAw%3D%3D","https://penta-infra.com/data-centers/copenhagen","HIGH QUALITY, ENVIRONMENTALLY SUSTAINABLE AND CARRIER NEUTRAL LOCATION

The increasing amount of business-critical infrastructure and data requires professional data center solutions to keep pace with the growing demands for security, resilience and sustainability.
Based on experience from operating 10+ data centers in multiple countries like Denmark, Germany and Holland, Penta Infra is your trusted partner providing data center facilities for your infrastructure.

Penta is expanding with space,","Suites; Cages; Footprints; Private Cabinets; Partial Cabinets; Remote Hands","","1.6 MW","1,000 sq.m.","","","","","Tier 3","","","","","Yes","","","","Yes, 24/7","","Purpose-built","","","","","https://www.datacentermap.com/denmark/copenhagen/penta-cph01/"
"Copenhagen","Cibicom København Vest","Operational","Cibicom","Overdrevsvej 12, 3675 Smørum, Denmark","https://www.google.com/maps/place/Cibicom+A%2FS/@55.7166596,12.2351408,17z/data=!4m15!1m8!3m7!1s0x46525b87e70ba2f5:0x8664526b4520551f!2sOverdrevsvej+12,+2765+Smørum!3b1!8m2!3d55.7166566!4d12.2377157!16s%2Fg%2F11bw4kgrqb!3m5!1s0x46525b87e710beff:0x4aad4d4ea459f1dd!8m2!3d55.7166201!4d12.2376323!16s%2Fg%2F11_q6r6hw?entry=ttu&g_ep=EgoyMDI2MDQyMi4wIKXMDSoASAFQAw%3D%3D","https://cibicom.dk","Our data centre has double fibre access and is at the same time connected through Cibicom's nationwide network.

Our data centers have dual fiber access and are also connected through Cibicom's nationwide radio network providing extra security.

Cibicom's data centre offers high-density racks, private suites and your own locked cabinets, and customised racks.

Our TIER III-designed (Uptime Institute) data centre agreements offer you:

Redundant power with UPS, diesel generator and cooling system","Cages; Private Cabinets; Partial Cabinets","","","350 sq.m.","","","","","Tier 3","","","","","","","","","","","Purpose-built","Yes","","","","https://www.datacentermap.com/denmark/copenhagen/cibicom-cph-west/"
"Copenhagen","Colt Copenhagen","Operational","Templus","Borgmester Christiansens Gade 55, 2450 Copenhagen, Denmark","https://www.google.com/maps/place/Colt+Technology+Services+A%2FS/@55.6474021,12.5372629,17z/data=!4m15!1m8!3m7!1s0x4652548091cc2147:0xc40d93d0f14df36e!2sBorgmester+Christiansens+Gade+55,+2450+København!3b1!8m2!3d55.6473991!4d12.5398378!16s%2Fg%2F11crsjfblx!3m5!1s0x465254809638e8f9:0x7169c3f4b5c3a9c8!8m2!3d55.647665!4d12.540126!16s%2Fg%2F1v2jbjf6?entry=ttu&g_ep=EgoyMDI2MDQyMi4wIKXMDSoASAFQAw%3D%3D","https://www.coltdatacentres.net/en-GB/our-locations/data-centre-locations-europe/-/media/Files/europe-data-sheets/colt-copenhagen-data-sheet-en.pdf","Colt owns and operates 20 data centres, located around 10 major countries across Europe. Our customers,including most of the continent´€™s top financial institutions, have been benefiting from our data centre expertise for more than 15 years, and we are constantly investing millions of Euros to improve our technology, and to deliver cutting-edge services to our customers.

We currently manage over 31,000 sqm of data centre, and can offer colocation services at any of our 20 European data centre'","Suites; Cages; Footprints; Private Cabinets; Partial Cabinets; Individual Servers; Remote Hands; Bare Metal Servers; Public Cloud Servers","","3.5 MW","900 sq.m.","","2N","","2N","","","","","","Yes","","Yes","","Yes, 24/7","","","","Yes","","","https://www.datacentermap.com/denmark/copenhagen/colt-copenhagen1/"
"Copenhagen","atNorth DEN01","Under Construction","atNorth","Tonsbakken 12, 2740 Skovlunde, Denmark","https://www.google.com/maps/place/atNorth+DEN01+High+Density+Denmark+Data+Center+Campus/@55.7112851,12.4173464,17z/data=!4m15!1m8!3m7!1s0x46525057a3400001:0x4838e82560cfe189!2sTonsbakken+12,+2740+Skovlunde!3b1!8m2!3d55.7112821!4d12.4199213!16s%2Fg%2F11xf2x2k0_!3m5!1s0x46525150135ae739:0x28b742aa741bb68!8m2!3d55.7110668!4d12.4202065!16s%2Fg%2F11vkdk248d?entry=ttu&g_ep=EgoyMDI2MDQyMi4wIKXMDSoASAFQAw%3D%3D","https://www.atnorth.com/nordic-data-centers/denmark-data-centers/copenhagen-metro-site/","atNorth’s first data center campus in Denmark is located in Ballerup, in the greater Copenhagen region. The first phase will go live in Q4 2024 following a swift 12-month build.

Providing capacity of 30MW for high-density workloads and located on a plot with significant scalability options. DEN01 will feature best in class heat reuse technology and will also accommodate Direct Liquid Cooling (DLC) technology to support HPC and AI workloads in an energy efficient way.

It will also be ISO27001 a","Suites; Cages; Footprints; Private Cabinets; Partial Cabinets; Remote Hands","","30 MW","7,305 sq.m.","","","","","Tier 3","","","","","","","","","Yes, 24/7","","","","","","","https://www.datacentermap.com/denmark/copenhagen/atnorth-den01/"
"Copenhagen","Aeven EIA1","Operational","Aeven","Ejby Industrivej 11, 2600 Glostrup, Denmark","https://www.google.com/maps/place/Aeven+A%2FS/@55.6931353,12.416598,16.88z/data=!4m15!1m8!3m7!1s0x465250e40d088b21:0x837d341e2f6c0477!2sEjby+Industrivej+11,+2600+Ejby!3b1!8m2!3d55.6935158!4d12.4169494!16s%2Fg%2F11shq41vn9!3m5!1s0x465250e412500f47:0x65d95fe595f2d910!8m2!3d55.6934245!4d12.4166587!16s%2Fg%2F11gbf7mvgf?entry=ttu&g_ep=EgoyMDI2MDQyMi4wIKXMDSoASAFQAw%3D%3D","https://www.aevengroup.com","Aeven EIA1, formerly operated under NNIT, is a Tier III-certified data center located in Glostrup, Greater Copenhagen. In 2020, the facility underwent a major expansion, increasing its capacity by 50 percent to support the growing demand for hosting and housing services. The data center spans 4,200 square meters and accommodates more than 45,000 servers, supported by 1,900 kW of redundant battery and generator backup systems.

The site’s infrastructure is optimized for operational reliability an","Suites; Cages; Private Cabinets; Partial Cabinets; Individual Servers; Public Cloud Servers","","1.9 MW","4200 sq.m.","","","","","Tier 3","","","","","","","","","","","","","","","","https://www.datacentermap.com/denmark/copenhagen/aeven-eia1/"
"Copenhagen","Penta CPH02","Under Construction","Penta Infra","Ugandavej 26, 2770 Kastrup, Denmark","https://www.google.com/maps/place/Ugandavej+26,+2770+Kastrup/@55.6115899,12.605654,21z/data=!4m6!3m5!1s0x4653ab3aa65ebd63:0x30583f2dc237c816!8m2!3d55.6115615!4d12.6059201!16s%2Fg%2F11c14h03cw?entry=ttu&g_ep=EgoyMDI2MDQyMi4wIKXMDSoASAFQAw%3D%3D","","Penta CPH02 is poised to become a state-of-the-art facility, encompassing a generous 20,000 square meters of data center space. This substantial area is designed to house advanced technological infrastructure, capable of supporting a wide array of computing needs.

The data center is situated on an expansive 40,000 square meter plot, providing ample room for potential expansion and scalability. The layout has been meticulously planned to ensure efficient use of space while allowing for high leve","Suites; Cages; Footprints; Private Cabinets; Partial Cabinets; Remote Hands","","20 MW","","20,000 sq.m.","","","","","","","","","","","","","","","","","","","","https://www.datacentermap.com/denmark/copenhagen/penta-cph02/"
"Copenhagen","Kolo DK5 Copenhagen","Operational","Kolo","Bygmestervej 10, 2400 København NV, Denmark","N/A","https://kolodc.com/data-centers/colocation-in-denmark/copenhagen-data-center","Data center located in Copenhagen, operated by Fuzion.Planned to open Q1 2025.","Suites; Private Cabinets","","","","","","","","","","","","","","","","","","","Retrofitted","","","","","https://www.datacentermap.com/denmark/copenhagen/fuzion-kobenhavn/"
"Copenhagen","Aeven BA1P","Operational","Aeven","Brudelysvej 28, 2880 Bagsværd, Denmark","https://www.google.com/maps/place/Brudelysvej+28,+2880+Bagsværd/@55.7542673,12.4470077,16.96z/data=!4m6!3m5!1s0x46524fd5cccdc33b:0x2933e7d2babbe806!8m2!3d55.7539876!4d12.4478452!16s%2Fg%2F11v0kk5jqz?entry=ttu&g_ep=EgoyMDI2MDQyNi4wIKXMDSoASAFQAw%3D%3D","https://www.aevengroup.com","Aeven BA1P (formerly NNIT Data Center 1P) is a Tier III-certified facility located in Bagsværd, Denmark, serving as a backbone for critical IT services. In 2022, it was recertified for the prestigious Tier III Gold for Operational Sustainability by Uptime Institute®, a designation it first earned in 2019 following earlier silver status in 2017.","Suites; Cages; Private Cabinets; Partial Cabinets; Individual Servers; Public Cloud Servers","","","","","","","","Tier 3","","","","","","","","","","","","","","","","https://www.datacentermap.com/denmark/copenhagen/aeven-ba1p/"
"Copenhagen","GlobalConnect Hørskætten 5","Operational","GlobalConnect","Hørskætten 5, 2630 Taastrup, Denmark","https://www.google.com/maps/place/Hørskætten+5,+2630+Taastrup/@55.6620736,12.2988038,17z/data=!3m1!4b1!4m6!3m5!1s0x46525991a1d3dbaf:0x21bd293282b56f22!8m2!3d55.6620719!4d12.3002649!16s%2Fg%2F11bw3_bqpg?entry=ttu&g_ep=EgoyMDI2MDQyNi4wIKXMDSoASAFQAw%3D%3D","https://globalconnect.dk","Features:
[X] 24/7 access
[X] 24/7 staff on side
[X] 24/7 security guard(s)
[X] Remote hands available
[X] Automatic fire suppression
[X] Video surveillance
[X] Generator
[X] UPS
[X] Alarm system
[X] Aircondition

Services:
[ ] Rental of suites/rooms
[X] Rental of cages
[X] Rental of foot prints
[X] Rental of racks
[X] Hosting of individual servers
[X] Dedicated servers
[ ] Virtual servers
[ ] Office space","Cages; Footprints; Private Cabinets; Partial Cabinets; Remote Hands; Bare Metal Servers","","","","","","","","","","","","","","","","","","","","","","1","1","https://www.datacentermap.com/denmark/copenhagen/netgroup-hoerskaetten/"
"Copenhagen","i2 Data Center","Operational","i2, DTU","DTU building 304, Asmussens Allé, 2800 Kongens Lyngby, Denmark","https://www.google.com/maps/place/DTU+building+304/@55.7844538,12.5172956,17z/data=!3m1!4b1!4m6!3m5!1s0x46524e634c75e8a9:0x10095ab054d0d4de!8m2!3d55.7844508!4d12.5198705!16s%2Fg%2F11clwl3fpn?entry=ttu&g_ep=EgoyMDI2MDQyNi4wIKXMDSoASAFQAw%3D%3D","https://i2.dk","i2 offers secure and reliable hosting and data center services from its operations center at the Technical University of Denmark (DTU). With decades of experience in managing critical infrastructure, i2 supports colocation, server management, and web hosting tailored to both public and private institutions.

Their hosting solutions include full responsibility for server monitoring, maintenance, and security. Whether through facility management, domain hosting, or their “Mailhotel” email platform","Private Cabinets; Partial Cabinets; Individual Servers","","","","","","","","","","","","","","","","","","","","","","","","https://www.datacentermap.com/denmark/copenhagen/i2-data-center/"
"Copenhagen","DXC Copenhagen Data Center","Operational","DXC Technology","Retortvej 8, 2500 København, Denmark","https://www.google.com/maps/place/DXC+Denmark/@55.6570911,12.4952256,17z/data=!4m15!1m8!3m7!1s0x465253f636395d35:0x59add303a6f5b128!2sRetortvej+8,+2500+København!3b1!8m2!3d55.6568346!4d12.4975082!16s%2Fg%2F11csrvn1tz!3m5!1s0x465253f66bbf3cef:0xaea7988617403f64!8m2!3d55.6566323!4d12.4976149!16s%2Fg%2F1td7rt77?entry=ttu&g_ep=EgoyMDI2MDQyNi4wIKXMDSoASAFQAw%3D%3D","https://dxc.com/solutions/cloud-and-infrastructure/traditional-hosting/compute-data-center","Please visit the website of DXC Technology for further details about DXC Copenhagen Data Center.","Private Cabinets; Partial Cabinets; Individual Servers; Remote Hands","","","","","","","","","","","","","","","","","","","","","","","","https://www.datacentermap.com/denmark/copenhagen/dxc-copenhagen-data-center/"
"Copenhagen","GlobalConnect Hørskætten 3","Operational","GlobalConnect","Hørskætten 3, 2630 Taastrup, Denmark","https://www.google.com/maps/place/K%26L+Global+Connect/@55.6621213,12.3013161,19.38z/data=!4m15!1m8!3m7!1s0x465259918379e7ef:0xb7eb58b4900ac375!2sHørskætten+3,+2630+Taastrup!3b1!8m2!3d55.6620328!4d12.3015523!16s%2Fg%2F11bw3f4tvr!3m5!1s0x465259919cab692b:0x135537fe18ea5518!8m2!3d55.6621599!4d12.3021525!16s%2Fg%2F1hc1gf75g?entry=ttu&g_ep=EgoyMDI2MDQyNi4wIKXMDSoASAFQAw%3D%3D","https://globalconnect.dk","","Suites; Cages; Footprints; Private Cabinets; Partial Cabinets","","","","","","","","","","","","","","","","","","","","","","1","9","https://www.datacentermap.com/denmark/copenhagen/global-connect-taastrup/"
"Copenhagen","STACK Infrastructure COP02A","Planned","STACK INFRASTRUCTURE","Blekinge Blvd, 2630 Taastrup, Denmark","N/A","","COP02 is a planned data center campus located in Copenhagen, Denmark, developed by STACK Infrastructure. It is strategically positioned in one of Europe’s fastest-growing digital hubs, where the combination of national digitalization efforts, strong connectivity, and a commitment to clean energy create an ideal environment for scalable infrastructure.

The campus is designed to deliver a total critical capacity of 72 megawatts across two purpose-built facilities. One building will support up to ","Suites; Cages; Private Cabinets; Partial Cabinets; Remote Hands","","48 MW","21659 sq.m.","","","","","","","","","","","","","","","","","","","","","https://www.datacentermap.com/denmark/copenhagen/stack-infrastructure-cop02a/"
"Copenhagen","STACK Infrastructure COP02B","Planned","STACK INFRASTRUCTURE","Blekinge Blvd, 2630 Taastrup, Denmark","N/A","","COP02 is a planned data center campus located in Copenhagen, Denmark, developed by STACK Infrastructure. It is strategically positioned in one of Europe’s fastest-growing digital hubs, where the combination of national digitalization efforts, strong connectivity, and a commitment to clean energy create an ideal environment for scalable infrastructure.

The campus is designed to deliver a total critical capacity of 72 megawatts across two purpose-built facilities. One building will support up to ","Suites; Cages; Private Cabinets; Partial Cabinets; Remote Hands","","24 MW","12208 sq.m.","","","","","","","","","","","","","","","","","","","","","https://www.datacentermap.com/denmark/copenhagen/stack-infrastructure-cop02b/"
"Copenhagen","GlobalConnect Vallensbæk","Operational","GlobalConnect","Egeskovvej 2, 2665 Vallensbæk, Denmark","https://www.google.com/maps/place/Nianet+A%2FS+-+Datacenter+Vallensbæk/@55.6255225,12.3736932,19.5z/data=!4m15!1m8!3m7!1s0x4652570850f605b3:0xccfd8ec59667cc12!2sEgeskovvej+2,+2665+Vallensbæk+Strand!3b1!8m2!3d55.6256716!4d12.3742009!16s%2Fg%2F11crvkq3dh!3m5!1s0x465257085bad9117:0x8c02db9298891a47!8m2!3d55.6256417!4d12.3745283!16s%2Fg%2F11gfh9s4zf?entry=ttu&g_ep=EgoyMDI2MDQyNi4wIKXMDSoASAFQAw%3D%3D","https://globalconnect.dk","Global Connect data center near Copenhagen, located at Egeskovvej 2 in Vallensbæk","Private Cabinets","","","","","","","","","","","","","","","","","","","","","","","","https://www.datacentermap.com/denmark/copenhagen/globalconnect-vallensbak/"
"Copenhagen","GlobalConnect København","Operational","GlobalConnect","Thoravej 26, 2400 København, Denmark","N/A","https://globalconnect.dk","Global Connect data center in Copenhagen, located at Thorasvej 26, 2400 Copenhagen.","Private Cabinets","","","","","","","","","","","","","","","","","","","","","","","","https://www.datacentermap.com/denmark/copenhagen/globalconnect-kobenhavn/"
"Copenhagen","Telia Copenhagen II","Operational","Telia Company","Metrovej 1, 2300 Copenhagen, Denmark","N/A","","TeliaSonera offers high-quality data center solutions for customers who value high availability, high security, flexibility and convenience – at affordable prices. You can place your equipment and connect it to TeliaSonera International Carrier’s capacity and IP backbone, and connect to local loop providers and other service providers.","Cages; Footprints; Private Cabinets; Partial Cabinets; Remote Hands","","","","","","","","","","","","","","","","","","","","","","","3","https://www.datacentermap.com/denmark/copenhagen/telia-copenhagen/"
"Copenhagen","GlobalConnect København","Operational","GlobalConnect","Vesterbrogade 149, 1620 Copenhagen V, Denmark","N/A","https://globalconnect.dk","","Suites; Cages; Footprints; Private Cabinets; Partial Cabinets","","","","","","","","","","","","","","","","","","","","","","1","2","https://www.datacentermap.com/denmark/copenhagen/global-connect-copenhagen/"
"Copenhagen","GlobalConnect Hørskætten 6","Operational","GlobalConnect","Hørskætten 6, 2630 Taastrup, Denmark","N/A","https://globalconnect.dk","","Suites; Footprints; Private Cabinets; Partial Cabinets; Individual Servers; Remote Hands; Bare Metal Servers; Public Cloud Servers","","","","","","","","","","","","","","","","","","","","","","1","2","https://www.datacentermap.com/denmark/copenhagen/nianet-taastrup/"
"Copenhagen","Telia København","Operational","Telia Company","Århusgade 88, 2100 København, Denmark","N/A","https://www.teliacompany.com/en","On October 30, 2007, Icelandic telecom company Skipti purchased the Danish telecom company Ventelo Denmark. Síminn's companies in Denmark, Business Phone and Ventelo, were merged in March 2009 under a new name - Síminn Danmark A/S.","Suites; Cages; Private Cabinets; Partial Cabinets","","","","","","","","","","","","","","","","","","","","","","","","https://www.datacentermap.com/denmark/copenhagen/ventelo/"
"Copenhagen","Telia Copenhagen I","Operational","Telia Company","Sydvestvej 100, 2600 Glostrup, Denmark","N/A","","TeliaSonera offers high-quality data center solutions for customers who value high availability, high security, flexibility and convenience – at affordable prices. You can place your equipment and connect it to TeliaSonera International Carrier’s capacity and IP backbone, and connect to local loop providers and other service providers.","Footprints; Private Cabinets; Partial Cabinets; Remote Hands","","","","","","","","","","","","","","","","","","","","","","","6","https://www.datacentermap.com/denmark/copenhagen/telia-powercom/"
"Copenhagen","GlobalConnect Glostrup","Operational","GlobalConnect","Ejby Industrivej 1, 2600 Glostrup, Denmark","N/A","https://globalconnect.dk","","Suites; Private Cabinets; Partial Cabinets; Individual Servers; Remote Hands; Public Cloud Servers","","","","","","","","","","","","","","","","","","","","","","","1","https://www.datacentermap.com/denmark/copenhagen/nianet-glostrup/"
"Copenhagen","TeliaSonera EJB/J","Operational","Telia Company","Ejby Industrivej 135, 2600 Glostrup, Denmark","N/A","","TeliaSonera International Carrier offers high-quality data center solutions for customers who value high availability, high security, flexibility and convenience – at affordable prices. You can place your equipment and connect it to TeliaSonera International Carrier’s capacity and IP backbone, and connect to local loop providers and other service providers.","Cages; Footprints; Private Cabinets; Partial Cabinets; Remote Hands","","","","","","","","","","","","","","","","","","","","","","","3","https://www.datacentermap.com/denmark/copenhagen/telia-glostrup/"
"Copenhagen","Microsoft Roskilde (CPH01)","Under Construction","Microsoft","Finervej 8, 4621 Roskilde, Denmark","N/A","https://datacenters.microsoft.com","In December 2020 Microsoft announced that they were investing in a new Azure data center region for Denmark. The region would be located around the capital of Copenhagen, and was to be powered 100% by renewable energy.

The Roskilde data center was the first to have ground broken. The construction project was handled by Exyte.","","","","","","","","","","","","","","","","","","","","","","","","","https://www.datacentermap.com/denmark/copenhagen/microsoft-roskilde-cph01/"
"Copenhagen","Microsoft Høje Taastrup (CPH02)","Under Construction","Microsoft","Bohus Boulevard 2, 2630 Taastrup, Denmark","N/A","https://datacenters.microsoft.com","In December 2020 Microsoft announced that they were investing in a new Azure data center region for Denmark. The region would be located around the capital of Copenhagen, and was to be powered 100% by renewable energy.

The Høje Taastrup data center was the third project to be started, after Roskilde and Køge. Construction started in October 2022. The construction project was handled by Collen.","","","","","","","","","","","","","","","","","","","","","","","","","https://www.datacentermap.com/denmark/copenhagen/microsoft-hoje-taastrup-cph02/"
"Copenhagen","Microsoft Køge (CPH03)","Operational","Microsoft","Egedesvej 17, 4600 Køge, Denmark","https://www.google.com/maps/@55.6604482,12.3037645,15.89z?entry=ttu&g_ep=EgoyMDI2MDQyNi4wIKXMDSoASAFQAw%3D%3D","","In December 2020 Microsoft announced that they were investing in a new Azure data center region for Denmark. The region would be located around the capital of Copenhagen, and was to be powered 100% by renewable energy.

The Køge data center was the second Microsoft broke ground on. The construction project was handled by Exyte.","","","","","","","","","","","","","","","","","","","","","","","","","https://www.datacentermap.com/denmark/copenhagen/microsoft-koge-cph03/"
"Copenhagen","GlobalConnect Albertslund","Operational","GlobalConnect","Herstedvang 4, 2620 Albertslund, Denmark","N/A","https://globalconnect.dk","","Suites; Cages; Footprints; Private Cabinets; Partial Cabinets","","","","","","","","","","","","","","","","","","","","","","","2","https://www.datacentermap.com/denmark/copenhagen/globalconnect-albertslund/"
"Esbjerg","Bulk Data Centers - DK01 Campus","Operational","Bulk Infrastructure","Guldborgsundvej 14, 6705 Esbjerg, Denmark","https://www.google.com/maps/@55.6604482,12.3037645,15.89z?entry=ttu&g_ep=EgoyMDI2MDQyNi4wIKXMDSoASAFQAw%3D%3D","https://bulkinfrastructure.com/data-centers/locations/dk01","Located in Esbjerg, on the Western Coast of Denmark, Bulk Data Centers’ DK01 campus offers up to 2,300m² of white space and flexible options in a secure, highly efficient and resilient facility. In addition, Bulk’s Havsil and Havhingsten cable systems – make Esbjerg and our DK01 data center the connectivity gateway to the Nordics from US, Europe. Situated in energy hub of Esbjerg, we provide abundant access to offshore wind power and competitive energy pricing, ensuring a low total cost of owner","Suites; Cages; Footprints; Private Cabinets; Partial Cabinets; Remote Hands","","5 MW","2,300 sq.m.","","2N","","","Tier 3","","","","","Yes","","Yes","","Yes, 24/7","Yes, Biz-hours","Purpose-built","Yes","Yes","1","2","https://www.datacentermap.com/denmark/esbjerg/bulk-dk01/"
"Esbjerg","Prime Esbjerg Campus","Planned","Prime Data Centers","Nordre Tovrupvej, 6705 Esbjerg, Denmark","N/A","","Prime Data Centers, in partnership with Brunswick Real Estate, is developing a significant hyperscale data center campus, named Prime Esbjerg Campus (ESB01), located on Nordre Tovrupvej in Esbjerg, Denmark. The planned campus spans 640,000 sqm (6.88 million sq ft) on land owned by the Esbjerg Municipality.

The project is currently undergoing the Environmental Impact Assessment (EIA) process, with an ambitious target of 550MW of IT capacity. Construction of the initial data center is slated to b","Suites; Cages; Private Cabinets; Partial Cabinets; Remote Hands","","550 MW","","","","","","","","","","","","","","","","","Purpose-built","","","","","https://www.datacentermap.com/denmark/esbjerg/prime-esbjerg/"
"Esbjerg","ECO-LocaXion Data Center","Planned","ECO-LocaXion Management ApS","Vestkystvej 7, 6715 Esbjerg, Denmark","N/A","","ECO-LocaXion's data center is a pioneering project located in Esbjerg, Denmark, designed to set new standards for sustainability and innovation in the data center industry. Spanning 8,000 square meters with a capacity of 30 MW, this climate-conscious facility integrates colocation data center operations with heat supply, creating a symbiotic relationship that benefits both the environment and the local community.

The data center's innovative approach involves reusing excess heat generated by th","Suites; Cages; Private Cabinets; Partial Cabinets","","30 MW","8,000 sq.m.","","","","","","","","","","","","","","","","","","","","","https://www.datacentermap.com/denmark/esbjerg/eco-locaxion-data-center/"
"Esbjerg","Thylander Data Center","Planned","Thylander","Sahara 9, 6700 Esbjerg, Denmark","N/A","","In May 2025, Thylander unveiled plans for a 200 MW hyperscale data center in Esbjerg. The first phase of the project, expected to deliver 10–20 MW of capacity, is projected to become operational in 2026.

While it remains unclear under which brand the data center will operate, it's notable that shortly before the announcement, Thylander established a new company called ""Thylander X."" The stated purpose of this entity is related to providing consulting and services for investments in and related ","Suites","","200 MW","","","","","","","","","","","","","","","","","","","","","","https://www.datacentermap.com/denmark/esbjerg/thylander/"
"Esbjerg","Skywire Data Center","Operational","Skywire ApS","Rolfsgade 75, 6700 Esbjerg, Denmark","https://www.google.com/maps/@55.6604482,12.3037645,15.89z?entry=ttu&g_ep=EgoyMDI2MDQyNi4wIKXMDSoASAFQAw%3D%3D","https://skywire.dk/om-os/","We provide colocation of your server(s) in Tier 1 facility, with diesel generator power backup
24/7/365 access.
10/100/1000/10000 Mbit/s Internet flatrate.
3 different fibernetwork providers with access to darkfiber, color, capacity etc.
Direct connection to major cities in Denmark and AEC-2, North Sea Connect, TAT-14, DANICE, CANTAT-3, or CobraCable subseacables.
Access
Physical rack, or units for rent (1U and up).

We deliver to all types of business, large and small.
Use your own equipment, i","Cages; Private Cabinets; Partial Cabinets; Individual Servers; Remote Hands; Bare Metal Servers","","","","","","","","Tier 1","","","","","","","","","Yes, 24/7","","","","","","","https://www.datacentermap.com/denmark/esbjerg/vestjylland/"
"Esbjerg","Meta Esbjerg Data Center","Land Banked","Meta","Andrupvej 80, 6705 Esbjerg Ø, Denmark","N/A","","The 214 acre (2,143,850 m2) plot in Andrup was initially rumored for data center use in 2018, which was later pinpointed to Facebook (Meta) being behind the project.

In March 2019 Facebook decided to shelve the project and the local municipal purchased the land with the intention of attracting another project. Close proximity to multiple submarine fiber cables and high voltage power transmission lines, made it an appealing location for data center use.

In 2021 Facebook decided to re-engage in ","","","","","","","","","","","","","","","","","","","","","","","","","https://www.datacentermap.com/denmark/esbjerg/meta-esbjerg-data-center/"
"Esbjerg","Microsoft Bramming Campus","Planned","Microsoft","Kirkebrovej 1, 6740 Bramming, Denmark","N/A","","Microsoft Bramming Campus is a planned data center development situated west of Bramming, Denmark, at Kirkebrovej 1. The facility is designed to include five data halls. Rezoning processes for the site are anticipated to commence in 2026. This expansion by Microsoft signifies a continued investment in digital infrastructure within the region.","","","","","","","","","","","","","","","","","","","","","","","","","https://www.datacentermap.com/denmark/esbjerg/microsoft-bramming-campus/"
"Esbjerg","Microsoft Bramming - Building 3","Planned","Microsoft","Kirkebrovej 1, 6740 Bramming, Denmark","N/A","","Microsoft Bramming Campus is a planned data center development situated west of Bramming, Denmark, at Kirkebrovej 1. The facility is designed to include five data halls. Rezoning processes for the site are anticipated to commence in 2026. This expansion by Microsoft signifies a continued investment in digital infrastructure within the region.","","","","","","","","","","","","","","","","","","","","Purpose-built","","","","","https://www.datacentermap.com/denmark/esbjerg/microsoft-bramming-building-3/"
"Esbjerg","Microsoft Bramming - Building 4","Planned","Microsoft","Kirkebrovej 1, 6740 Bramming, Denmark","N/A","","Microsoft Bramming Campus is a planned data center development situated west of Bramming, Denmark, at Kirkebrovej 1. The facility is designed to include five data halls. Rezoning processes for the site are anticipated to commence in 2026. This expansion by Microsoft signifies a continued investment in digital infrastructure within the region.","","","","","","","","","","","","","","","","","","","","Purpose-built","","","","","https://www.datacentermap.com/denmark/esbjerg/microsoft-bramming-building-4/"
"Esbjerg","Microsoft Bramming - Building 2","Planned","Microsoft","Kirkebrovej 1, 6740 Bramming, Denmark","N/A","","Microsoft Bramming Campus is a planned data center development situated west of Bramming, Denmark, at Kirkebrovej 1. The facility is designed to include five data halls. Rezoning processes for the site are anticipated to commence in 2026. This expansion by Microsoft signifies a continued investment in digital infrastructure within the region.","","","","","","","","","","","","","","","","","","","","Purpose-built","","","","","https://www.datacentermap.com/denmark/esbjerg/microsoft-bramming-building-2/"
"Esbjerg","Microsoft Bramming - Building 1","Planned","Microsoft","Kirkebrovej 1, 6740 Bramming, Denmark","N/A","","Microsoft Bramming Campus is a planned data center development situated west of Bramming, Denmark, at Kirkebrovej 1. The facility is designed to include five data halls. Rezoning processes for the site are anticipated to commence in 2026. This expansion by Microsoft signifies a continued investment in digital infrastructure within the region.","","","","","","","","","","","","","","","","","","","","Purpose-built","","","","","https://www.datacentermap.com/denmark/esbjerg/microsoft-bramming-building-1/"
"Esbjerg","Microsoft Bramming - Building 5","Planned","Microsoft","Kirkebrovej 1, 6740 Bramming, Denmark","N/A","","Microsoft Bramming Campus is a planned data center development situated west of Bramming, Denmark, at Kirkebrovej 1. The facility is designed to include five data halls. Rezoning processes for the site are anticipated to commence in 2026. This expansion by Microsoft signifies a continued investment in digital infrastructure within the region.","","","","","","","","","","","","","","","","","","","","Purpose-built","","","","","https://www.datacentermap.com/denmark/esbjerg/microsoft-bramming-building-5/"
"Skanderborg","Kolo DK1 Skanderborg","Operational","Kolo","Niels Bohrs vej 35, 8660 Skanderborg, Denmark","N/A","https://kolodc.com/data-centers/colocation-in-denmark/skanderborg-data-center","Fuzion' Datacenter Skanderborg, The largest and most modern co-location datacenter in Jutland. The datacenter serves together with Fuzion's other datacenter, Hostingcenter Aarhus as dual datacenter solution for companies with mission critical requirements.

Fuzion is a carrier-neutral colocation partner offering all national carriers in our facilities
All Fuzion Data centers are connecter by the major fiber providers in Denmark, ensuring that the data centers have ample supply of fiber infrastru","Suites; Footprints; Private Cabinets; Partial Cabinets; Individual Servers; Remote Hands; Bare Metal Servers; Public Cloud Servers","","","740 sq.m.","","","","","","","","","","","","","","","","Purpose-built","","","","1","https://www.datacentermap.com/denmark/skanderborg/datacenter-skanderborg/"
"Skanderborg","GlobalConnect Stilling","Operational","GlobalConnect","Niels Bohrs Vej 19, 8660 Skanderborg, Denmark","https://www.google.com/maps/@55.6604482,12.3037645,15.89z?entry=ttu&g_ep=EgoyMDI2MDQyNi4wIKXMDSoASAFQAw%3D%3D","https://globalconnectgroup.com/#/","","Suites; Cages; Footprints; Private Cabinets; Partial Cabinets","","","","","","","","","","","","","","","","","","","","","","","","https://www.datacentermap.com/denmark/skanderborg/globalconnect-stilling/"
"Randers","Kolo DK3 Randers","Operational","Kolo","Normansvej 1, 8920 Randers, Denmark","N/A","https://kolodc.com/data-centers/colocation-in-denmark/randers-data-center","Fuzion is a carrier-neutral colocation partner offering all national carriers in our facilities.

All Fuzion datacenters are connecter by the major fiber providers in Denmark, ensuring that the data centers have ample supply of fiber infrastructure and in addition all internet service providers can provide access to the customers in the datacenters.

All datacenters are certified by the ISA 3204 – type2 certification with reference to ISO 27002 and are under rigid service audits and control. The","Private Cabinets","","","245 sq.m.","","","","","","","","","","","","","","","","","","","","","https://www.datacentermap.com/denmark/randers/fuzion-randers/"
"Århus","Kolo DK2 Aarhus","Operational","Kolo","Silkeborgvej 53, 8000 Aarhus C, Denmark","https://www.google.com/maps/@55.6604482,12.3037645,15.89z?entry=ttu&g_ep=EgoyMDI2MDQyNi4wIKXMDSoASAFQAw%3D%3D","https://kolodc.com/data-centers/colocation-in-denmark/aarhus-data-center","Established in 2003, Fuzion' Datacenter Aarhus is a modern datacenter, located very centrally on Silkeborgvej in Aarhus C (the second largest city in Denmark). It's close to public transport and close to the freeway as well.

Fuzion is a carrier-neutral colocation partner offering all national carriers in our facilities
All Fuzion Data centers are connecter by the major fiber providers in Denmark, ensuring that the data centers have ample supply of fiber infrastructure and in addition all intern","Suites; Footprints; Private Cabinets; Partial Cabinets; Individual Servers; Remote Hands; Bare Metal Servers; Public Cloud Servers","","","425 sq.m.","","","","","","","","","","","","","","","","","","","","1","https://www.datacentermap.com/denmark/aarhus/hostingcenter-aarhus/"
"Århus","Cibicom Kappa","Operational","Cibicom","Kappa 10, 8382 Hinnerup, Denmark","N/A","https://cibicom.dk","Cibicom offers several Data center facilities across Denmark. Each Datacenter provides unique solution for our customer servers based on uninterruptible power supply and cooling system in an environment with highly secure perimeter. We offer everything from high-density racks, cages and private suites tailored to meet our customer's specific demands. Our Datacenter offers:

- Secure facility
- Redundant power supply to all racks build as N+N
- Redundant cooling solution build as N+1
- Up to 12 k","Suites; Cages; Footprints; Private Cabinets; Partial Cabinets; Individual Servers; Remote Hands; Public Cloud Servers","","6 MW","2,500 sq.m.","3,500 sq.m.","2N","N+1","2N","Tier 3","","","","Yes","Yes","Yes","Yes","Yes","No","No","Purpose-built","Yes","","","","https://www.datacentermap.com/denmark/aarhus/cibicom-cappa/"
"Århus","Cibicom Århus","Operational","Cibicom","Ny Moesgårdvej 61, 8270 Hoejbjerg, Denmark","https://www.google.com/maps/@55.6604482,12.3037645,15.89z?entry=ttu&g_ep=EgoyMDI2MDQyNi4wIKXMDSoASAFQAw%3D%3D","https://cibicom.dk","Our data centre has double fibre access and is at the same time connected through Cibicom's nationwide network.

Our data centers have dual fiber access and are also connected through Cibicom's nationwide radio network providing extra security.

Cibicom's data centre offers high-density racks, private suites and your own locked cabinets, and customised racks.

Our TIER III-designed (Uptime Institute) data centre agreements offer you:

Redundant power with UPS, diesel generator and cooling system","Cages; Footprints; Private Cabinets; Partial Cabinets","","1 MW","400 sq.m.","700 sq.m.","2N","N+1","2N","Tier 3","","","","","Yes","","Yes","Yes","Yes, Biz-hours","Yes, Biz-hours","Retrofitted","Yes","","","","https://www.datacentermap.com/denmark/aarhus/cibicom-aarhus/"
"Århus","Kolo DK4 Viby J.","Operational","Kolo","Søndervangs Allé 20, 8620 Viby J, Denmark","N/A","https://kolodc.com/data-centers/colocation-in-denmark/viby-j-data-center","Datacenter located in Viby J, operated by Fuzion.

Fuzion is a carrier-neutral colocation partner offering all national carriers in our facilities
All Fuzion datacenters are connecter by the major fiber providers in Denmark, ensuring that the data centers have ample supply of fiber infrastructure and in addition all internet service providers can provide access to the customers in the datacenters.

All datacenters are certified by the ISA 3204 – type2 certification with reference to ISO 27002 an","Private Cabinets","","","460 sq.m.","","","","","","","","","","","","","","","","","","","","","https://www.datacentermap.com/denmark/aarhus/fuzion-viby-j/"
"Århus","GlobalConnect Hørning 2","Operational","GlobalConnect","Agerbakken 3, 8362 Hørning, Denmark","https://www.google.com/maps/@55.6604482,12.3037645,15.89z?entry=ttu&g_ep=EgoyMDI2MDQyNi4wIKXMDSoASAFQAw%3D%3D","https://globalconnect.dk","Please visit the website of GlobalConnect A/S for further details about GlobalConnect Hørning 2.","Cages; Private Cabinets; Partial Cabinets","","","","","","","","","","","","","","","","","","","Undefined","","","","","https://www.datacentermap.com/denmark/aarhus/globalconnect-horning-2/"
"Saeby","Prime Denmark Campus","Planned","Prime Data Centers","Energivej 1, 9300 Saeby, Denmark","N/A","https://primedatacenters.com/locations/saeby/","Prime Data Centers' Denmark campus represents a significant advancement in sustainable data center design. Located in a region known for its commitment to sustainability, the campus features three hyperscale data centers, each designed to meet the rigorous DGNB Gold certification for sustainability. The campus boasts 90 megawatts of critical power capacity, all sourced from 100% renewable energy, emphasizing Prime's dedication to carbon neutrality.

The Denmark campus is not only a technological","","","90 MW","13,491 sq.m.","","N+1","N+1","N+1","Tier 3","","","","Yes","Yes","Yes","Yes","Yes","Yes, 24/7","","Purpose-built","Yes","Yes","","","https://www.datacentermap.com/denmark/saeby/prime-denmark-campus/"
"Saeby","Prime Denmark - Building 1","Planned","Prime Data Centers","Energivej 1, Building 1, 9300 Saeby, Denmark","N/A","https://primedatacenters.com/locations/saeby/","Prime Data Centers' Denmark campus represents a significant advancement in sustainable data center design. Located in a region known for its commitment to sustainability, the campus features three hyperscale data centers, each designed to meet the rigorous DGNB Gold certification for sustainability. The campus boasts 90 megawatts of critical power capacity, all sourced from 100% renewable energy, emphasizing Prime's dedication to carbon neutrality.

The Denmark campus is not only a technological","","","30 MW","","","N+1","N+1","N+1","","","","","Yes","Yes","Yes","Yes","","Yes, 24/7","","","","","","","https://www.datacentermap.com/denmark/saeby/prime-denmark-building-1/"
"Saeby","Prime Denmark - Building 2","Planned","Prime Data Centers","Energivej 1, Building 2, 9300 Saeby, Denmark","N/A","https://primedatacenters.com/locations/saeby/","Prime Data Centers' Denmark campus represents a significant advancement in sustainable data center design. Located in a region known for its commitment to sustainability, the campus features three hyperscale data centers, each designed to meet the rigorous DGNB Gold certification for sustainability. The campus boasts 90 megawatts of critical power capacity, all sourced from 100% renewable energy, emphasizing Prime's dedication to carbon neutrality.

The Denmark campus is not only a technological","","","30 MW","","","N+1","N+1","N+1","","","","","Yes","Yes","Yes","Yes","","Yes, 24/7","","","","","","","https://www.datacentermap.com/denmark/saeby/prime-denmark-building-2/"
"Saeby","Prime Denmark - Building 3","Planned","Prime Data Centers","Energivej 1, Building 3, 9300 Saeby, Denmark","N/A","https://primedatacenters.com/locations/saeby/","Prime Data Centers' Denmark campus represents a significant advancement in sustainable data center design. Located in a region known for its commitment to sustainability, the campus features three hyperscale data centers, each designed to meet the rigorous DGNB Gold certification for sustainability. The campus boasts 90 megawatts of critical power capacity, all sourced from 100% renewable energy, emphasizing Prime's dedication to carbon neutrality.

The Denmark campus is not only a technological","","","30 MW","","","N+1","N+1","N+1","","","","","Yes","Yes","Yes","Yes","","Yes, 24/7","","","","","","","https://www.datacentermap.com/denmark/saeby/prime-denmark-building-3/"
"Fredericia","Cibicom Taulov","Operational","Cibicom","Nordensvej 25, 7000 Fredericia, Denmark","N/A","https://cibicom.dk","Cibicom announced the addition of a data center in Taulov, in June 2025.

The data center is located very close to Googles data center in Taulov (Fredericia).","Private Cabinets","","","","","","","","","","","","","","","","","","","","","","","","https://www.datacentermap.com/denmark/fredericia/cibicom-taulov/"
"Fredericia","Google Fredericia Data Center","Operational","Google","Prinsessens Kvartér 10, 7000 Fredericia, Denmark","https://www.google.com/maps/@55.6604482,12.3037645,15.89z?entry=ttu&g_ep=EgoyMDI2MDQyNi4wIKXMDSoASAFQAw%3D%3D","https://datacenters.google/intl/da_ALL/locations/fredericia-danmark/","Located in Fredericia, Denmark, Google's data center features industry-leading energy efficiency initiatives and a strong commitment to renewable energy sourcing. The facility offers robust connectivity and ample capacity for future expansion, supporting Google's growing operations within Europe. Fredericia's position as a major logistics hub further enhances the data center's strategic value.","","","","","","","","","","","","","","","","","","Yes, 24/7","","","","","","","https://www.datacentermap.com/denmark/fredericia/google-fredericia/"
"Varde","GlobalConnect Nørre Nebel","Operational","GlobalConnect","Industrivej 16, 6830 Nørre Nebel, Denmark","N/A","https://globalconnect.dk","Please visit the website of GlobalConnect A/S for further details about GlobalConnect Nørre Nebel.","Private Cabinets","","","","","","","","","","","","","","","","","","","","","","","","https://www.datacentermap.com/denmark/varde/globalconnect-norre-nebel/"
"Varde","atNorth DEN02","Planned","atNorth","Kragerisvej, 6870 Ølgod, Denmark","N/A","https://www.atnorth.com/nordic-data-centers/denmark-data-centers/varde-mega-site/","The DEN02 data center, located in Varde, Denmark, represents a significant advancement in sustainable data center design. This 174-hectare greenfield site is strategically positioned 40 km west of Billund Airport, catering to both colocation and build-to-suit projects. It is specifically tailored for data-intensive businesses, offering a robust infrastructure that supports high-performance computing (HPC) and artificial intelligence (AI) workloads.

In its commitment to sustainability, DEN02 is ","Suites; Cages; Private Cabinets; Partial Cabinets","","250 MW","","","","","","","","","","","","","","","","","","","","","","https://www.datacentermap.com/denmark/varde/atnorth-den02/"
"Varde","Microsoft Tinghoej - Building 1","Planned","Microsoft","Ringkøbingvej 169, 6800 Varde, Denmark","N/A","","Microsoft Tinghøj Campus is a significant data center development located north of Tinghøj/Varde, Denmark, at Ringkøbingvej 169. The expansive 150-hectare site is projected to accommodate six data halls.

A key feature of the campus is its potential for sustainable operations, with possibilities for connecting to district heating or other forms of heat reuse. This initiative aligns with growing trends in energy efficiency within the data center industry.

Rezoning for the project is anticipated ","","","","","","","","","","","","","","","","","","","","Purpose-built","","","","","https://www.datacentermap.com/denmark/varde/microsoft-tinghoej-building-1/"
"Varde","Microsoft Tinghoej - Building 4","Planned","Microsoft","Ringkøbingvej 169, 6800 Varde, Denmark","N/A","","Microsoft Tinghøj Campus is a significant data center development located north of Tinghøj/Varde, Denmark, at Ringkøbingvej 169. The expansive 150-hectare site is projected to accommodate six data halls.

A key feature of the campus is its potential for sustainable operations, with possibilities for connecting to district heating or other forms of heat reuse. This initiative aligns with growing trends in energy efficiency within the data center industry.

Rezoning for the project is anticipated ","","","","","","","","","","","","","","","","","","","","Purpose-built","","","","","https://www.datacentermap.com/denmark/varde/microsoft-tinghoej-building-4/"
"Varde","Microsoft Lunde - Building 4","Planned","Microsoft","Kastkærvej 100, 6830 Nørre Nebel, Denmark","N/A","","Microsoft Lunde Campus is a significant data center development located on a 79-hectare site between Lunde and Nørre Nebel in Denmark. The campus is projected to feature four data halls. A key aspect of the development is its potential for sustainability, with the possibility to connect to district heating or other forms of heat reuse. Rezoning for the project is anticipated to commence in 2026, marking a step towards the establishment of this large-scale digital infrastructure in the Esbjerg ma","","","","","","","","","","","","","","","","","","","","Purpose-built","","","","","https://www.datacentermap.com/denmark/varde/microsoft-lunde-building-4/"
"Varde","Microsoft Tinghoej - Building 3","Planned","Microsoft","Ringkøbingvej 169, 6800 Varde, Denmark","N/A","","Microsoft Tinghøj Campus is a significant data center development located north of Tinghøj/Varde, Denmark, at Ringkøbingvej 169. The expansive 150-hectare site is projected to accommodate six data halls.

A key feature of the campus is its potential for sustainable operations, with possibilities for connecting to district heating or other forms of heat reuse. This initiative aligns with growing trends in energy efficiency within the data center industry.

Rezoning for the project is anticipated ","","","","","","","","","","","","","","","","","","","","Purpose-built","","","","","https://www.datacentermap.com/denmark/varde/microsoft-tinghoej-building-3/"
"Varde","Microsoft Tinghoej Campus","Planned","Microsoft","Ringkøbingvej 169, 6800 Varde, Denmark","N/A","","Microsoft Tinghøj Campus is a significant data center development located north of Tinghøj/Varde, Denmark, at Ringkøbingvej 169. The expansive 150-hectare site is projected to accommodate six data halls.

A key feature of the campus is its potential for sustainable operations, with possibilities for connecting to district heating or other forms of heat reuse. This initiative aligns with growing trends in energy efficiency within the data center industry.

Rezoning for the project is anticipated ","","","","","","","","","","","","","","","","","","","","Purpose-built","","","","","https://www.datacentermap.com/denmark/varde/microsoft-tinghoej-campus/"
"Varde","Microsoft Lunde - Building 1","Planned","Microsoft","Kastkærvej 100, 6830 Nørre Nebel, Denmark","N/A","","Microsoft Lunde Campus is a significant data center development located on a 79-hectare site between Lunde and Nørre Nebel in Denmark. The campus is projected to feature four data halls. A key aspect of the development is its potential for sustainability, with the possibility to connect to district heating or other forms of heat reuse. Rezoning for the project is anticipated to commence in 2026, marking a step towards the establishment of this large-scale digital infrastructure in the Esbjerg ma","","","","","","","","","","","","","","","","","","","","Retrofitted","","","","","https://www.datacentermap.com/denmark/varde/microsoft-lunde-building-1/"
"Varde","Microsoft Lunde Campus","Planned","Microsoft","Kastkærvej 100, 6830 Nørre Nebel, Denmark","N/A","","Microsoft Lunde Campus is a significant data center development located on a 79-hectare site between Lunde and Nørre Nebel in Denmark. The campus is projected to feature four data halls. A key aspect of the development is its potential for sustainability, with the possibility to connect to district heating or other forms of heat reuse. Rezoning for the project is anticipated to commence in 2026, marking a step towards the establishment of this large-scale digital infrastructure in the Esbjerg ma","","","","","","","","","","","","","","","","","","","","Purpose-built","","","","","https://www.datacentermap.com/denmark/varde/microsoft-lunde-campus/"
"Varde","Microsoft Lunde - Building 2","Planned","Microsoft","Kastkærvej 100, 6830 Nørre Nebel, Denmark","N/A","","Microsoft Lunde Campus is a significant data center development located on a 79-hectare site between Lunde and Nørre Nebel in Denmark. The campus is projected to feature four data halls. A key aspect of the development is its potential for sustainability, with the possibility to connect to district heating or other forms of heat reuse. Rezoning for the project is anticipated to commence in 2026, marking a step towards the establishment of this large-scale digital infrastructure in the Esbjerg ma","","","","","","","","","","","","","","","","","","","","Purpose-built","","","","","https://www.datacentermap.com/denmark/varde/microsoft-lunde-building-2/"
"Varde","Microsoft Lunde - Building 3","Planned","Microsoft","Kastkærvej 100, 6830 Nørre Nebel, Denmark","N/A","","Microsoft Lunde Campus is a significant data center development located on a 79-hectare site between Lunde and Nørre Nebel in Denmark. The campus is projected to feature four data halls. A key aspect of the development is its potential for sustainability, with the possibility to connect to district heating or other forms of heat reuse. Rezoning for the project is anticipated to commence in 2026, marking a step towards the establishment of this large-scale digital infrastructure in the Esbjerg ma","","","","","","","","","","","","","","","","","","","","Purpose-built","","","","","https://www.datacentermap.com/denmark/varde/microsoft-lunde-building-3/"
"Varde","Microsoft Tinghoej - Building 6","Planned","Microsoft","Ringkøbingvej 169, 6800 Varde, Denmark","N/A","","Microsoft Tinghøj Campus is a significant data center development located north of Tinghøj/Varde, Denmark, at Ringkøbingvej 169. The expansive 150-hectare site is projected to accommodate six data halls.

A key feature of the campus is its potential for sustainable operations, with possibilities for connecting to district heating or other forms of heat reuse. This initiative aligns with growing trends in energy efficiency within the data center industry.

Rezoning for the project is anticipated ","","","","","","","","","","","","","","","","","","","","Purpose-built","","","","","https://www.datacentermap.com/denmark/varde/microsoft-tinghoej-building-6/"
"Varde","Microsoft Tinghoej - Building 5","Planned","Microsoft","Ringkøbingvej 169, 6800 Varde, Denmark","N/A","","Microsoft Tinghøj Campus is a significant data center development located north of Tinghøj/Varde, Denmark, at Ringkøbingvej 169. The expansive 150-hectare site is projected to accommodate six data halls.

A key feature of the campus is its potential for sustainable operations, with possibilities for connecting to district heating or other forms of heat reuse. This initiative aligns with growing trends in energy efficiency within the data center industry.

Rezoning for the project is anticipated ","","","","","","","","","","","","","","","","","","","","Purpose-built","","","","","https://www.datacentermap.com/denmark/varde/microsoft-tinghoej-building-5/"
"Varde","Microsoft Tinghoej - Building 2","Planned","Microsoft","Ringkøbingvej 169, 6800 Varde, Denmark","N/A","","Microsoft Tinghøj Campus is a significant data center development located north of Tinghøj/Varde, Denmark, at Ringkøbingvej 169. The expansive 150-hectare site is projected to accommodate six data halls.

A key feature of the campus is its potential for sustainable operations, with possibilities for connecting to district heating or other forms of heat reuse. This initiative aligns with growing trends in energy efficiency within the data center industry.

Rezoning for the project is anticipated ","","","","","","","","","","","","","","","","","","","","Purpose-built","","","","","https://www.datacentermap.com/denmark/varde/microsoft-tinghoej-building-2/"
"Aalborg","Netic DC5","Operational","Netic A/S","Port of Aalborg, Ankeret, 9220 Aalborg, Denmark","N/A","https://www.netic.dk/en/hosting-eng/","Netic DC5 is a purpose-built Tier 3 data center located at the Port of Aalborg, Denmark, designed to host critical infrastructure workloads for Danish enterprises and public organizations. Commissioned in April 2022, the facility spans 1,000 square meters and supports eight server rooms with a scalable power capacity of up to 1 MW. It features multiple independent paths for power and cooling, ensuring high availability and fault tolerance, even during maintenance or component failure.

The data ","Private Cabinets; Partial Cabinets; Individual Servers; Public Cloud Servers","","1 MW","1000 sq.m.","","","","","","","","","","","","","","","","","","","","","https://www.datacentermap.com/denmark/aalborg/netic-dc5/"
"Aalborg","Edora Jutland","Planned","Edora A/S","Mariagervej 58B, 9500 Hobro, Denmark","N/A","","Edora Jutland is a 2-10MW data center located in Hobro, Denmark, developed by Edora A/S in partnership with Eurowind Energy. This facility is integrated within the Eurowind Energy Park, which comprises three wind turbines (3.6MW), solar cells (8MW), and a 10.8MW/43.2MWh battery energy storage system (BESS). The BESS serves as a backup, replacing traditional diesel generators. The data center aims to support enterprise AI, Edora Cloud, and managed IT services, while also offering a sustainable op","","","10 MW","","","","","","","","","","","","","","","","","","","","","","https://www.datacentermap.com/denmark/aalborg/edora-jutland/"
"Aalborg","Netic NOVI","Operational","Netic A/S","Alfred Nobels Vej 25, NOVI Science Park, Building 7, DK-9220 Aalborg Ø, Denmark","https://www.google.com/maps/@55.6604482,12.3037645,15.89z?entry=ttu&g_ep=EgoyMDI2MDQyNi4wIKXMDSoASAFQAw%3D%3D","https://www.netic.dk/en/hosting-eng/","Netic operates a specialized data center within the NOVI Science Park in Aalborg, Denmark, designed to support cloud-native workloads, platform operations, and secure hosting solutions.

This facility serves as part of Netic’s broader strategy to deliver resilient IT platforms across multiple fault-tolerant zones within Denmark.","Private Cabinets; Partial Cabinets; Individual Servers; Public Cloud Servers","","","","","","","","","","","","","","","","","","","","","","","","https://www.datacentermap.com/denmark/aalborg/netic-novi/"
"Silkeborg","JN Data Silkeborg","Operational","JN Data","Frichsvej 18, 8600 Silkeborg, Denmark","https://www.google.com/maps/@55.6604482,12.3037645,15.89z?entry=ttu&g_ep=EgoyMDI2MDQyNi4wIKXMDSoASAFQAw%3D%3D","https://www.jndata.dk","JN Data’s data center was significantly expanded in 2017 to meet the evolving demands of Denmark’s financial sector. The facility now includes 1,200 square meters equipped with advanced technology designed for scalability, performance, and high availability. The center supports a wide array of backend operations critical to banking and financial services, with an emphasis on fast response times and secure infrastructure.

Energy efficiency and environmental responsibility are central to the data","Suites; Cages; Private Cabinets; Partial Cabinets","","","1200 sq.m.","","","","","","","","","Yes","","","","","","","","","","","","https://www.datacentermap.com/denmark/silkeborg/jn-data-silkeborg/"
"Silkeborg","itm8 Silkeborg DC","Operational","itm8","Vejlsøvej 51, 8600 Silkeborg, Denmark","N/A","https://itm8.dk/it-virksomhed/silkeborg","State-of-the-art newly built Datacenter in the heart of Denmark. Using latest technology for the highest uptime, and green energy efficient performance.

Providing services ranging from complete outsourcing at the application layer through Virtual Servers, dedicated servers, racks, cages and footprints flexibilty is key at our datacenter. As a small company every customer get the attention they need and deserver, and our main priority is maintaining our high standards of service.

Please contact","Cages; Footprints; Private Cabinets; Partial Cabinets; Individual Servers; Remote Hands; Bare Metal Servers; Public Cloud Servers","","","","","","","","","","","","","","","","","","","","","","","","https://www.datacentermap.com/denmark/silkeborg/sotea-dc/"
"Kolding","Telia Kolding","Operational","Telia Company","Kokbjerg 7, 6000 Kolding, Denmark","N/A","https://www.telia.fi/business/data-center-services/data-center","","Suites; Cages; Footprints; Private Cabinets; Partial Cabinets; Remote Hands","","","","","","","","","","","","","","","","","","","","","","","","https://www.datacentermap.com/denmark/kolding/telia-kolding/"
"Kolding","GlobalConnect Kolding","Operational","GlobalConnect","Kokbjerg 8, 6000 Kolding, Denmark","https://www.google.com/maps/@55.6604482,12.3037645,15.89z?entry=ttu&g_ep=EgoyMDI2MDQyNi4wIKXMDSoASAFQAw%3D%3D","https://globalconnect.dk","","Suites; Cages; Footprints; Private Cabinets; Partial Cabinets","","","","","","","","","","","","","","","","","","","Retrofitted","","","","2","https://www.datacentermap.com/denmark/kolding/global-connect-kolding/"
"Odense","Meta Odense Data Center","Operational","Meta","Krogslundvej 140, 5220 Odense, Denmark","https://www.google.com/maps/@55.6604482,12.3037645,15.89z?entry=ttu&g_ep=EgoyMDI2MDQyNi4wIKXMDSoASAFQAw%3D%3D","https://datacenters.atmeta.com/wp-content/uploads/2025/02/Metas-Odense-Data-Center.pdf","Located in Odense, Denmark, the Meta Odense Data Center provides Meta with a strategic location within Europe. This facility is designed for scalability, with ample power capacity to support expanding operations. Sustainability is a key pillar of the Odense Data Center, highlighted by its goal of 100% renewable energy sourcing and innovative heat reuse programs.","","","","","","","","","","","","","","","","","","","","","","","","","https://www.datacentermap.com/denmark/odense/meta-odense-data-center/"
"Odense","GlobalConnect Odense","Operational","GlobalConnect","Blangstedgaardsvej 8, 5220 Odense SOE, Denmark","https://www.google.com/maps/@55.6604482,12.3037645,15.89z?entry=ttu&g_ep=EgoyMDI2MDQyNi4wIKXMDSoASAFQAw%3D%3D","https://globalconnect.dk","","Suites; Cages; Footprints; Private Cabinets; Partial Cabinets","","","","","","","","","","","","","","","","","","","","","","","","https://www.datacentermap.com/denmark/odense/globalconnect-odense/"
"Falster","GARBE Falster","Planned","GARBE Data Centers","Rigavej 1, Business Park Falster, 4840 Noerre Alslev, Denmark","N/A","","GARBE Data Centers is developing GARBE Falster, a significant AI data center campus located in Business Park Falster, Noerre Alslev, Denmark. The project is situated adjacent to the E47 highway. GARBE has entered a conditional purchase agreement for 35 hectares of land. Upon successful acquisition and fulfillment of conditions, the plan is to construct a data center campus with a projected power capacity of up to 350 MW.

This development is anticipated to create substantial employment opportuni","","","350 MW","","","","","","","","","","","","","","","","","","","","","","https://www.datacentermap.com/denmark/falster/garbe-falster/"
"Skive","Skive Data Center","Planned","CA DataCenter","Greenlab 56, 7860 Spøttrup, Denmark","N/A","","The Skive Data Center, located in GreenLab's green industrial park in Spøttrup, Denmark, is a 100 MW IT-load facility developed by CA Group. This significant investment aims to integrate large-scale digital infrastructure into a flexible, electrified energy system.

The data center is purpose-built for AI and high-performance computing workloads, with a facility size of 45,000 m². It directly integrates with GreenLab's renewable microgrid and sector-coupled infrastructure, enabling real-time fle","","","100 MW","","45000 sq.m.","","","","","","","","","","","","","","","Purpose-built","","","","","https://www.datacentermap.com/denmark/skive/skive-data-center/"
"Toender","WNB Tønder","Operational","WNB A/S","Fabriksvej 1, 6270 Tønder, Denmark","https://www.google.com/maps/@55.6604482,12.3037645,15.89z?entry=ttu&g_ep=EgoyMDI2MDQyNi4wIKXMDSoASAFQAw%3D%3D","https://wnbgruppen.dk","We're a small datacenter located in Tønder, Denmark. We have space for 36 racks and we also have space for your business. We offer IP services and IP transit. You can also purchase IP transit directly from any of the carriers present in our datacenter.

Even though we're small we're of course still equipped with emergency power (UPS and generator). We have multiple entrypoints in the building for the carriers. Our cooling systems is redundant and scaled with further expansion in mind.","Private Cabinets; Partial Cabinets; Individual Servers; Remote Hands; Bare Metal Servers","","","","","","","","","","","","","","","","","","","","","","","4","https://www.datacentermap.com/denmark/toender/wnb-toender/"
"Herning","DLX.DK Data Center","Operational","DLX ApS","Hammershusvej 16C, 7400 Herning, Denmark","https://www.google.com/maps/@55.6604482,12.3037645,15.89z?entry=ttu&g_ep=EgoyMDI2MDQyNi4wIKXMDSoASAFQAw%3D%3D","https://dlx.dk/datacenter","
[X] 24/7 access
[ ] 24/7 staff on side
[ ] 24/7 security guard(s)
[X] Remote hands available
[X] Automatic fire suppression
[X] Environmental Monitoring
[X] Video surveillance
[X] Alarm system
[X] Aircondition
[X] Generator
[X] UPS

Services:
[ ] Rental of suites/rooms
[ ] Rental of cages
[X] Rental of foot prints
[X] Rental of racks
[X] Hosting of individual servers
[X] Dedicated servers
[X] Virtual servers
[ ] Office space

Connectivity:
Redundant Fiber connections from TDC and Telia","Footprints; Private Cabinets; Partial Cabinets; Individual Servers; Remote Hands; Bare Metal Servers; Public Cloud Servers","","","","","","","","","","","","","","","Yes","","","","","","","","","https://www.datacentermap.com/denmark/herning/dlx-dk/"
"Viborg","Apple Foulum Data Center","Operational","Apple","Hobro Landevej 8, 8830 Tjele, Denmark","https://www.google.com/maps/@55.6604482,12.3037645,15.89z?entry=ttu&g_ep=EgoyMDI2MDQyNi4wIKXMDSoASAFQAw%3D%3D","https://en.wikipedia.org/wiki/Foulum_Data_Center","","","","","","166,000 sq.m.","","","","","","","","","","","","","","","","","","","","https://www.datacentermap.com/denmark/viborg/apple-tjele-data-center/"